logged_at,workflow_run_id,workflow_run_number,workflow_sha,event_name,dispatch_reason,data_type,folder,type_name,retry_failed_only,test_mode,download_status,script_exit_code,download_duration_seconds,total_rows,expected_rows,accepted_rows,accepted_progress,success_rows,success_progress,retryable_failed_rows,rate_limited_rows,no_data_rows,unsupported_rows,systemic_failed_rows,not_processed_rows,try_touched_rows,try_success_rows,oldest_actionable_time,oldest_success_time,newest_success_time,run_url
2026-06-06 15:04:29 CST,27055489760,4049,9a3f05ce9cbe66fc6df7fde33478df2b45c446da,workflow_dispatch,stale_full_refresh,8,ShowK_ChartFlow,EPS x PER Weekly,false,false,SUCCESS,0,636,130,130,129,129/130,129,129/130,0,1,0,0,0,0,0,0,,2026-05-24 00:04:39 CST,2026-06-06 15:03:24 CST,https://github.com/wenchiehlee-investment/Python-Actions.GoodInfo/actions/runs/27055489760
2026-06-06 15:06:11 CST,27055734684,4050,11dc09ff9c67540c2484c7ee70c2ae83e414fe4a,workflow_dispatch,failed_backlog,8,ShowK_ChartFlow,EPS x PER Weekly,true,false,SUCCESS,0,11,130,130,130,130/130,130,130/130,0,0,0,0,0,0,0,0,,2026-05-24 00:04:39 CST,2026-06-06 15:06:11 CST,https://github.com/wenchiehlee-investment/Python-Actions.GoodInfo/actions/runs/27055734684
2026-06-06 15:19:31 CST,27055772233,4051,f0c83f0ae0a45fb48f6f0ff705d9d421327365ef,workflow_dispatch,stale_full_refresh,8,ShowK_ChartFlow,EPS x PER Weekly,false,false,SUCCESS,0,703,130,130,129,129/130,129,129/130,0,1,0,0,0,0,0,0,,2026-05-24 01:17:03 CST,2026-06-06 15:18:26 CST,https://github.com/wenchiehlee-investment/Python-Actions.GoodInfo/actions/runs/27055772233
2026-06-06 15:21:10 CST,27056049492,4052,3f0be34bfe47c77d3321096c24543cd8bafc848f,workflow_dispatch,failed_backlog,8,ShowK_ChartFlow,EPS x PER Weekly,true,false,SUCCESS,0,10,130,130,130,130/130,130,130/130,0,0,0,0,0,0,0,0,,2026-05-24 01:17:03 CST,2026-06-06 15:21:09 CST,https://github.com/wenchiehlee-investment/Python-Actions.GoodInfo/actions/runs/27056049492
2026-06-06 15:23:28 CST,27056082239,4053,05fe40d89151139d2e47c34c0a9a37fc01dcf35a,workflow_dispatch,stale_full_refresh,8,ShowK_ChartFlow,EPS x PER Weekly,false,false,SUCCESS,0,53,130,130,130,130/130,130,130/130,0,0,0,0,0,0,0,0,,2026-06-06 13:22:53 CST,2026-06-06 15:23:28 CST,https://github.com/wenchiehlee-investment/Python-Actions.GoodInfo/actions/runs/27056082239
2026-06-06 15:39:40 CST,27056127745,4054,85255e3bf0ad4ef7cabbc067728e5d52710ee674,workflow_dispatch,stale_full_refresh,10,EquityDistributionClassHis,Equity Class Weekly,false,false,SUCCESS,0,889,130,130,129,129/130,128,128/130,0,1,0,1,0,0,0,0,,2026-05-25 11:06:16 CST,2026-06-06 15:38:35 CST,https://github.com/wenchiehlee-investment/Python-Actions.GoodInfo/actions/runs/27056127745
2026-06-06 15:41:29 CST,27056465030,4055,c20376d9c2723fdf790d012ec9146a01707dbe93,workflow_dispatch,failed_backlog,10,EquityDistributionClassHis,Equity Class Weekly,true,false,SUCCESS,0,13,130,130,130,130/130,129,129/130,0,0,0,1,0,0,0,0,,2026-05-25 11:06:16 CST,2026-06-06 15:41:29 CST,https://github.com/wenchiehlee-investment/Python-Actions.GoodInfo/actions/runs/27056465030
2026-06-06 15:54:37 CST,27056502704,4056,e12fc0426390f39ee27a7260cfb9f93b72da295f,workflow_dispatch,stale_full_refresh,10,EquityDistributionClassHis,Equity Class Weekly,false,false,SUCCESS,0,703,130,130,129,129/130,128,128/130,0,1,0,1,0,0,0,0,,2026-05-25 11:22:04 CST,2026-06-06 15:53:34 CST,https://github.com/wenchiehlee-investment/Python-Actions.GoodInfo/actions/runs/27056502704
2026-06-06 15:56:16 CST,27056767036,4057,452a2951c8199a62508cae6896664ea04288c444,workflow_dispatch,failed_backlog,10,EquityDistributionClassHis,Equity Class Weekly,true,false,SUCCESS,0,13,130,130,130,130/130,129,129/130,0,0,0,1,0,0,0,0,,2026-05-25 11:22:04 CST,2026-06-06 15:56:16 CST,https://github.com/wenchiehlee-investment/Python-Actions.GoodInfo/actions/runs/27056767036
2026-06-06 16:08:11 CST,27056800825,4058,7c301e76ea73214fe886485ab392305073b21f92,workflow_dispatch,stale_full_refresh,10,EquityDistributionClassHis,Equity Class Weekly,false,false,SUCCESS,0,627,130,130,130,130/130,129,129/130,0,0,0,1,0,0,0,0,,2026-06-06 15:25:02 CST,2026-06-06 16:08:11 CST,https://github.com/wenchiehlee-investment/Python-Actions.GoodInfo/actions/runs/27056800825
2026-06-06 16:24:36 CST,27057049621,4059,24b360bc6955d5599e0a3a32c0b1c2ea4becc5c9,workflow_dispatch,stale_full_refresh,14,ShowMarginChartWeek,Weekly Margin Balance,false,false,SUCCESS,0,898,130,130,129,129/130,129,129/130,0,1,0,0,0,0,0,0,,2026-05-25 11:48:01 CST,2026-06-06 16:23:27 CST,https://github.com/wenchiehlee-investment/Python-Actions.GoodInfo/actions/runs/27057049621
2026-06-06 16:26:22 CST,27057383687,4060,2daf48771d31acc0e073d93cf3464b88e5cb440d,workflow_dispatch,failed_backlog,14,ShowMarginChartWeek,Weekly Margin Balance,true,false,SUCCESS,0,11,130,130,130,130/130,130,130/130,0,0,0,0,0,0,0,0,,2026-05-25 11:48:01 CST,2026-06-06 16:26:22 CST,https://github.com/wenchiehlee-investment/Python-Actions.GoodInfo/actions/runs/27057383687
2026-06-06 16:39:36 CST,27057418092,4061,96f107460fdc7d07e6b847772ff175acce340202,workflow_dispatch,stale_full_refresh,14,ShowMarginChartWeek,Weekly Margin Balance,false,false,SUCCESS,0,701,130,130,129,129/130,129,129/130,0,1,0,0,0,0,0,0,,2026-05-25 12:03:11 CST,2026-06-06 16:38:30 CST,https://github.com/wenchiehlee-investment/Python-Actions.GoodInfo/actions/runs/27057418092
2026-06-06 16:41:24 CST,27057678304,4062,8754c559fbd45b97d0d86797fb13cf0569377c35,workflow_dispatch,failed_backlog,14,ShowMarginChartWeek,Weekly Margin Balance,true,false,SUCCESS,0,10,130,130,130,130/130,130,130/130,0,0,0,0,0,0,0,0,,2026-05-25 12:03:11 CST,2026-06-06 16:41:24 CST,https://github.com/wenchiehlee-investment/Python-Actions.GoodInfo/actions/runs/27057678304
2026-06-06 16:59:37 CST,27057717354,4063,a2f335421e79fed09935f01ceb2cf4d039dfa7d9,workflow_dispatch,stale_full_refresh,14,ShowMarginChartWeek,Weekly Margin Balance,false,false,SUCCESS,0,992,130,130,129,129/130,129,129/130,0,1,0,0,0,0,0,0,,2026-05-25 12:21:29 CST,2026-06-06 16:58:32 CST,https://github.com/wenchiehlee-investment/Python-Actions.GoodInfo/actions/runs/27057717354
2026-06-06 17:01:18 CST,27058080204,4064,3ff3ec950fbb0dbd3fdea71d7a57ee800a6f526b,workflow_dispatch,failed_backlog,14,ShowMarginChartWeek,Weekly Margin Balance,true,false,SUCCESS,0,9,130,130,130,130/130,130,130/130,0,0,0,0,0,0,0,0,,2026-05-25 12:21:29 CST,2026-06-06 17:01:18 CST,https://github.com/wenchiehlee-investment/Python-Actions.GoodInfo/actions/runs/27058080204
2026-06-06 17:03:37 CST,27058118362,4065,e1dd05749e678cbeecb519ad5363d7b23a599519,workflow_dispatch,stale_full_refresh,14,ShowMarginChartWeek,Weekly Margin Balance,false,false,SUCCESS,0,46,130,130,130,130/130,130,130/130,0,0,0,0,0,0,0,0,,2026-06-06 16:09:47 CST,2026-06-06 17:03:37 CST,https://github.com/wenchiehlee-investment/Python-Actions.GoodInfo/actions/runs/27058118362
2026-06-06 17:19:39 CST,27058167245,4066,79dfcbda757e6594f5a6c604435ce1d5283d13b5,workflow_dispatch,stale_full_refresh,11,WeeklyTradingData,Weekly Trading Data,false,false,SUCCESS,0,870,130,130,129,129/130,129,129/130,0,1,0,0,0,0,0,0,,2026-05-25 14:08:32 CST,2026-06-06 17:18:30 CST,https://github.com/wenchiehlee-investment/Python-Actions.GoodInfo/actions/runs/27058167245
2026-06-06 17:21:23 CST,27058509736,4067,e47874b3ada776d50a46f992402e625ddf17dcda,workflow_dispatch,failed_backlog,11,WeeklyTradingData,Weekly Trading Data,true,false,SUCCESS,0,11,130,130,130,130/130,130,130/130,0,0,0,0,0,0,0,0,,2026-05-25 14:08:32 CST,2026-06-06 17:21:23 CST,https://github.com/wenchiehlee-investment/Python-Actions.GoodInfo/actions/runs/27058509736
2026-06-06 17:34:38 CST,27058545169,4068,5d5ea3b784770c870f2ac1f234f44c041452e34c,workflow_dispatch,stale_full_refresh,11,WeeklyTradingData,Weekly Trading Data,false,false,SUCCESS,0,700,130,130,129,129/130,129,129/130,0,1,0,0,0,0,0,0,,2026-05-25 14:23:20 CST,2026-06-06 17:33:27 CST,https://github.com/wenchiehlee-investment/Python-Actions.GoodInfo/actions/runs/27058545169
2026-06-06 17:36:21 CST,27058802281,4069,b02618157017f5962a88bfe36a454587aabbfeb4,workflow_dispatch,failed_backlog,11,WeeklyTradingData,Weekly Trading Data,true,false,SUCCESS,0,12,130,130,130,130/130,130,130/130,0,0,0,0,0,0,0,0,,2026-05-25 14:23:20 CST,2026-06-06 17:36:21 CST,https://github.com/wenchiehlee-investment/Python-Actions.GoodInfo/actions/runs/27058802281
2026-06-06 17:49:27 CST,27058833354,4070,07e38898fedf338f5aae935ab56fc6038dd8cbe0,workflow_dispatch,stale_full_refresh,11,WeeklyTradingData,Weekly Trading Data,false,false,SUCCESS,0,693,130,130,129,129/130,129,129/130,0,1,0,0,0,0,0,0,,2026-05-26 01:02:16 CST,2026-06-06 17:48:15 CST,https://github.com/wenchiehlee-investment/Python-Actions.GoodInfo/actions/runs/27058833354
2026-06-06 17:51:16 CST,27059084766,4071,9838ba0f4689e4a253d06ddfb311949e340d0187,workflow_dispatch,failed_backlog,11,WeeklyTradingData,Weekly Trading Data,true,false,SUCCESS,0,10,130,130,130,130/130,130,130/130,0,0,0,0,0,0,0,0,,2026-05-26 01:02:16 CST,2026-06-06 17:51:16 CST,https://github.com/wenchiehlee-investment/Python-Actions.GoodInfo/actions/runs/27059084766
2026-06-06 18:04:35 CST,27059119753,4072,aa0b923b9c8d38c45732a19972e6840684b8fdd7,workflow_dispatch,stale_full_refresh,9,StockHisAnaQuar,Quarterly Analysis,false,false,SUCCESS,0,699,130,130,129,129/130,129,129/130,0,1,0,0,0,0,0,0,,2026-06-01 14:01:43 CST,2026-06-06 18:03:31 CST,https://github.com/wenchiehlee-investment/Python-Actions.GoodInfo/actions/runs/27059119753
2026-06-06 18:06:21 CST,27059383961,4073,660c52ee760e454752dbdd53963ef02cb4aa76ca,workflow_dispatch,failed_backlog,9,StockHisAnaQuar,Quarterly Analysis,true,false,SUCCESS,0,11,130,130,130,130/130,130,130/130,0,0,0,0,0,0,0,0,,2026-06-01 14:01:43 CST,2026-06-06 18:06:20 CST,https://github.com/wenchiehlee-investment/Python-Actions.GoodInfo/actions/runs/27059383961
2026-06-06 18:14:49 CST,27059417017,4074,1f8e824b769f6ac10a23641f2c84a07dc8c72ece,workflow_dispatch,stale_full_refresh,11,WeeklyTradingData,Weekly Trading Data,false,false,SUCCESS,0,413,130,130,130,130/130,130,130/130,0,0,0,0,0,0,0,0,,2026-06-06 17:05:20 CST,2026-06-06 18:14:49 CST,https://github.com/wenchiehlee-investment/Python-Actions.GoodInfo/actions/runs/27059417017
2026-06-06 18:29:40 CST,27059584531,4075,c7a432f481e3fe0732452306052b1db801c07b9b,workflow_dispatch,stale_full_refresh,4,StockBzPerformance,Business Performance,false,false,SUCCESS,0,792,130,130,129,129/130,128,128/130,0,1,0,1,0,0,0,0,,2026-06-01 12:26:21 CST,2026-06-06 18:28:36 CST,https://github.com/wenchiehlee-investment/Python-Actions.GoodInfo/actions/runs/27059584531
2026-06-06 18:31:28 CST,27059878517,4076,aaf19b0d6d46c679407bfc36281b0aca42f64878,workflow_dispatch,failed_backlog,4,StockBzPerformance,Business Performance,true,false,SUCCESS,0,11,130,130,130,130/130,129,129/130,0,0,0,1,0,0,0,0,,2026-06-01 12:26:21 CST,2026-06-06 18:31:27 CST,https://github.com/wenchiehlee-investment/Python-Actions.GoodInfo/actions/runs/27059878517
2026-06-06 18:44:39 CST,27059914972,4077,7a86b8da3b79af6d507e7c827f9399b75761105f,workflow_dispatch,stale_full_refresh,6,EquityDistribution,Equity Distribution,false,false,SUCCESS,0,695,130,130,129,129/130,128,128/130,0,1,0,1,0,0,0,0,,2026-06-01 13:32:46 CST,2026-06-06 18:43:34 CST,https://github.com/wenchiehlee-investment/Python-Actions.GoodInfo/actions/runs/27059914972
2026-06-06 18:46:27 CST,27060173564,4078,ca578476fc4f55b9f1066d0076149d7b5c9784db,workflow_dispatch,failed_backlog,6,EquityDistribution,Equity Distribution,true,false,SUCCESS,0,9,130,130,130,130/130,129,129/130,0,0,0,1,0,0,0,0,,2026-06-01 13:32:46 CST,2026-06-06 18:46:27 CST,https://github.com/wenchiehlee-investment/Python-Actions.GoodInfo/actions/runs/27060173564
2026-06-06 18:59:24 CST,27060208276,4079,6cf3e9ed0a842fd7b10a18783b9a56bcd1acaaf4,workflow_dispatch,stale_full_refresh,7,StockBzPerformance1,Quarterly Performance,false,false,SUCCESS,0,680,130,130,129,129/130,128,128/130,0,1,0,1,0,0,0,0,,2026-05-28 17:57:51 CST,2026-06-06 18:58:17 CST,https://github.com/wenchiehlee-investment/Python-Actions.GoodInfo/actions/runs/27060208276
2026-06-06 19:01:13 CST,27060468976,4080,86e31ef2e64c8fcb6464eb8416d809db6f5f210e,workflow_dispatch,failed_backlog,7,StockBzPerformance1,Quarterly Performance,true,false,SUCCESS,0,10,130,130,130,130/130,129,129/130,0,0,0,1,0,0,0,0,,2026-05-28 17:57:51 CST,2026-06-06 19:01:13 CST,https://github.com/wenchiehlee-investment/Python-Actions.GoodInfo/actions/runs/27060468976
2026-06-06 19:14:22 CST,27060510754,4081,3fc59a426db1c3ccbe379716eba2072c523db6ca,workflow_dispatch,stale_full_refresh,7,StockBzPerformance1,Quarterly Performance,false,false,SUCCESS,0,688,130,130,129,129/130,128,128/130,0,1,0,1,0,0,0,0,,2026-05-28 18:12:29 CST,2026-06-06 19:13:19 CST,https://github.com/wenchiehlee-investment/Python-Actions.GoodInfo/actions/runs/27060510754
2026-06-06 19:16:16 CST,27060780175,4082,7a3940dd5b5c1c9dbd3997050e03997f70ace509,workflow_dispatch,failed_backlog,7,StockBzPerformance1,Quarterly Performance,true,false,SUCCESS,0,10,130,130,130,130/130,129,129/130,0,0,0,1,0,0,0,0,,2026-05-28 18:12:29 CST,2026-06-06 19:16:16 CST,https://github.com/wenchiehlee-investment/Python-Actions.GoodInfo/actions/runs/27060780175
2026-06-06 19:29:31 CST,27060819737,4083,503c2eff0a31e9273601d6da14aa082c38f5272f,workflow_dispatch,stale_full_refresh,7,StockBzPerformance1,Quarterly Performance,false,false,SUCCESS,0,688,130,130,129,129/130,128,128/130,0,1,0,1,0,0,0,0,,2026-05-28 18:27:37 CST,2026-06-06 19:28:26 CST,https://github.com/wenchiehlee-investment/Python-Actions.GoodInfo/actions/runs/27060819737
2026-06-06 19:31:24 CST,27061086341,4084,536a7447381bef022f86132336437d4b3796ee9e,workflow_dispatch,failed_backlog,7,StockBzPerformance1,Quarterly Performance,true,false,SUCCESS,0,12,130,130,130,130/130,129,129/130,0,0,0,1,0,0,0,0,,2026-05-28 18:27:37 CST,2026-06-06 19:31:24 CST,https://github.com/wenchiehlee-investment/Python-Actions.GoodInfo/actions/runs/27061086341
2026-06-06 19:35:36 CST,27061130228,4085,a8342e149271034d9c65f53a25b4d5f8a01c87ae,workflow_dispatch,stale_full_refresh,7,StockBzPerformance1,Quarterly Performance,false,false,SUCCESS,0,154,130,130,130,130/130,129,129/130,0,0,0,1,0,0,0,0,,2026-06-06 18:48:14 CST,2026-06-06 19:35:36 CST,https://github.com/wenchiehlee-investment/Python-Actions.GoodInfo/actions/runs/27061130228
2026-06-07 10:09:17 CST,27079713412,4086,5be45be4af8009b0287c1a53788a8a723ad84681,workflow_dispatch,stale_full_refresh,18,ShowDailyK_ChartFlow,Daily K-Line Chart Flow,false,false,SUCCESS,0,773,130,130,129,129/130,129,129/130,0,1,0,0,0,0,0,0,,2026-06-06 10:37:22 CST,2026-06-07 10:08:06 CST,https://github.com/wenchiehlee-investment/Python-Actions.GoodInfo/actions/runs/27079713412
2026-06-07 10:11:07 CST,27080014066,4087,97b240be1285f82a1b13643352c5181f8907b678,workflow_dispatch,failed_backlog,18,ShowDailyK_ChartFlow,Daily K-Line Chart Flow,true,false,SUCCESS,0,13,130,130,130,130/130,130,130/130,0,0,0,0,0,0,0,0,,2026-06-06 10:37:22 CST,2026-06-07 10:11:07 CST,https://github.com/wenchiehlee-investment/Python-Actions.GoodInfo/actions/runs/27080014066
2026-06-07 10:24:23 CST,27080049923,4088,8cad765dc035efd4ad7270f38661951a0dc438c7,workflow_dispatch,stale_full_refresh,5,ShowSaleMonChart,Monthly Revenue,false,false,SUCCESS,0,702,130,130,129,129/130,128,128/130,0,1,0,1,0,0,0,0,,2026-06-06 12:07:37 CST,2026-06-07 10:23:21 CST,https://github.com/wenchiehlee-investment/Python-Actions.GoodInfo/actions/runs/27080049923
2026-06-07 10:25:52 CST,27080308364,4089,9422c96b03cd502a7719d600fb6ce428fd20204f,workflow_dispatch,failed_backlog,5,ShowSaleMonChart,Monthly Revenue,true,false,SUCCESS,0,8,130,130,130,130/130,129,129/130,0,0,0,1,0,0,0,0,,2026-06-06 12:07:37 CST,2026-06-07 10:25:52 CST,https://github.com/wenchiehlee-investment/Python-Actions.GoodInfo/actions/runs/27080308364
2026-06-07 14:54:16 CST,27085198493,4090,66d370d0945b4c8e64e017dfc5c49b20702c22a2,workflow_dispatch,stale_full_refresh,18,ShowDailyK_ChartFlow,Daily K-Line Chart Flow,false,false,SUCCESS,0,683,130,130,129,129/130,129,129/130,0,1,0,0,0,0,0,0,,2026-06-06 10:55:39 CST,2026-06-07 14:53:06 CST,https://github.com/wenchiehlee-investment/Python-Actions.GoodInfo/actions/runs/27085198493
2026-06-07 14:55:51 CST,27085447227,4091,158a338f92d7a11073744d3d578a8e60d22445a2,workflow_dispatch,failed_backlog,18,ShowDailyK_ChartFlow,Daily K-Line Chart Flow,true,false,SUCCESS,0,10,130,130,130,130/130,130,130/130,0,0,0,0,0,0,0,0,,2026-06-06 10:55:39 CST,2026-06-07 14:55:51 CST,https://github.com/wenchiehlee-investment/Python-Actions.GoodInfo/actions/runs/27085447227
2026-06-07 15:09:20 CST,27085478944,4092,9b406461da751a1c134477dad3bd830e45092eca,workflow_dispatch,stale_full_refresh,18,ShowDailyK_ChartFlow,Daily K-Line Chart Flow,false,false,SUCCESS,0,722,130,130,129,129/130,129,129/130,0,1,0,0,0,0,0,0,,2026-06-06 11:11:14 CST,2026-06-07 15:08:13 CST,https://github.com/wenchiehlee-investment/Python-Actions.GoodInfo/actions/runs/27085478944
2026-06-07 15:11:02 CST,27085750136,4093,f810342a57bceff6593db696df943450dc056f53,workflow_dispatch,failed_backlog,18,ShowDailyK_ChartFlow,Daily K-Line Chart Flow,true,false,SUCCESS,0,12,130,130,130,130/130,130,130/130,0,0,0,0,0,0,0,0,,2026-06-06 11:11:14 CST,2026-06-07 15:11:01 CST,https://github.com/wenchiehlee-investment/Python-Actions.GoodInfo/actions/runs/27085750136
2026-06-07 15:24:30 CST,27085784974,4094,f1825e18cc0abb66c0c42ac203785a9afd723982,workflow_dispatch,stale_full_refresh,18,ShowDailyK_ChartFlow,Daily K-Line Chart Flow,false,false,SUCCESS,0,722,130,130,129,129/130,129,129/130,0,1,0,0,0,0,0,0,,2026-06-07 10:00:28 CST,2026-06-07 15:23:23 CST,https://github.com/wenchiehlee-investment/Python-Actions.GoodInfo/actions/runs/27085784974
2026-06-07 15:26:07 CST,27086062294,4095,8d2806ed7988e7226cccc6fc8541f76f59b28d16,workflow_dispatch,failed_backlog,18,ShowDailyK_ChartFlow,Daily K-Line Chart Flow,true,false,SUCCESS,0,10,130,130,130,130/130,130,130/130,0,0,0,0,0,0,0,0,,2026-06-07 10:00:28 CST,2026-06-07 15:26:06 CST,https://github.com/wenchiehlee-investment/Python-Actions.GoodInfo/actions/runs/27086062294
2026-06-07 15:39:26 CST,27086095474,4096,0e27a360f354bd57a468900cc9eb2c7b596ef1e1,workflow_dispatch,stale_full_refresh,13,ShowMarginChart,Daily Margin Balance,false,false,SUCCESS,0,712,130,130,129,129/130,129,129/130,0,1,0,0,0,0,0,0,,2026-06-06 11:37:42 CST,2026-06-07 15:38:14 CST,https://github.com/wenchiehlee-investment/Python-Actions.GoodInfo/actions/runs/27086095474
2026-06-07 15:41:02 CST,27086369684,4097,58268003bee3db8d9d9e491a5d242e465369d868,workflow_dispatch,failed_backlog,13,ShowMarginChart,Daily Margin Balance,true,false,SUCCESS,0,11,130,130,130,130/130,130,130/130,0,0,0,0,0,0,0,0,,2026-06-06 11:37:42 CST,2026-06-07 15:41:02 CST,https://github.com/wenchiehlee-investment/Python-Actions.GoodInfo/actions/runs/27086369684
2026-06-07 15:54:22 CST,27086404045,4098,817015710e89185fa1d85d459e719b9597bdc68e,workflow_dispatch,stale_full_refresh,13,ShowMarginChart,Daily Margin Balance,false,false,SUCCESS,0,710,130,130,129,129/130,129,129/130,0,1,0,0,0,0,0,0,,2026-06-06 12:54:09 CST,2026-06-07 15:53:13 CST,https://github.com/wenchiehlee-investment/Python-Actions.GoodInfo/actions/runs/27086404045
2026-06-07 15:56:03 CST,27086674937,4099,767907264b9a47519fc9ed8d7b0ead9f5295a218,workflow_dispatch,failed_backlog,13,ShowMarginChart,Daily Margin Balance,true,false,SUCCESS,0,11,130,130,130,130/130,130,130/130,0,0,0,0,0,0,0,0,,2026-06-06 12:54:09 CST,2026-06-07 15:56:03 CST,https://github.com/wenchiehlee-investment/Python-Actions.GoodInfo/actions/runs/27086674937
2026-06-07 16:09:27 CST,27086710428,4100,40b3fbd476920a67e19737a23dd8088f75be2bd8,workflow_dispatch,stale_full_refresh,5,ShowSaleMonChart,Monthly Revenue,false,false,SUCCESS,0,716,130,130,129,129/130,128,128/130,0,1,0,1,0,0,0,0,,2026-06-06 12:26:20 CST,2026-06-07 16:08:25 CST,https://github.com/wenchiehlee-investment/Python-Actions.GoodInfo/actions/runs/27086710428
2026-06-07 16:11:03 CST,27086984284,4101,e2490a40a7b4269e52b0fcc42d0a65e955158e1d,workflow_dispatch,failed_backlog,5,ShowSaleMonChart,Monthly Revenue,true,false,SUCCESS,0,10,130,130,130,130/130,129,129/130,0,0,0,1,0,0,0,0,,2026-06-06 12:26:20 CST,2026-06-07 16:11:03 CST,https://github.com/wenchiehlee-investment/Python-Actions.GoodInfo/actions/runs/27086984284
2026-06-07 16:24:19 CST,27087017417,4102,977299e780543aa62e7b4172c229e6e782b5b0d0,workflow_dispatch,stale_full_refresh,5,ShowSaleMonChart,Monthly Revenue,false,false,SUCCESS,0,702,130,130,129,129/130,128,128/130,0,1,0,1,0,0,0,0,,2026-06-06 12:38:23 CST,2026-06-07 16:23:13 CST,https://github.com/wenchiehlee-investment/Python-Actions.GoodInfo/actions/runs/27087017417
2026-06-07 16:26:03 CST,27087295559,4103,799fbae93b23d18233840d58d59720867a66439b,workflow_dispatch,failed_backlog,5,ShowSaleMonChart,Monthly Revenue,true,false,SUCCESS,0,10,130,130,130,130/130,129,129/130,0,0,0,1,0,0,0,0,,2026-06-06 12:38:23 CST,2026-06-07 16:26:03 CST,https://github.com/wenchiehlee-investment/Python-Actions.GoodInfo/actions/runs/27087295559
2026-06-07 16:39:29 CST,27087332106,4104,b14af301875a14b7fd6c13af52ee84acc8a0c50e,workflow_dispatch,stale_full_refresh,5,ShowSaleMonChart,Monthly Revenue,false,false,SUCCESS,0,712,130,130,129,129/130,128,128/130,0,1,0,1,0,0,0,0,,2026-06-07 10:23:21 CST,2026-06-07 16:38:24 CST,https://github.com/wenchiehlee-investment/Python-Actions.GoodInfo/actions/runs/27087332106
2026-06-07 16:40:56 CST,27087616579,4105,b3500d64846e47c5f8f36d5eb7193e013333f43c,workflow_dispatch,failed_backlog,5,ShowSaleMonChart,Monthly Revenue,true,false,SUCCESS,0,9,130,130,130,130/130,129,129/130,0,0,0,1,0,0,0,0,,2026-06-07 10:23:21 CST,2026-06-07 16:40:56 CST,https://github.com/wenchiehlee-investment/Python-Actions.GoodInfo/actions/runs/27087616579
2026-06-07 16:54:30 CST,27087647486,4106,53ee544d173062139ef53efb1b0332a367cb469d,workflow_dispatch,stale_full_refresh,13,ShowMarginChart,Daily Margin Balance,false,false,SUCCESS,0,725,130,130,129,129/130,129,129/130,0,1,0,0,0,0,0,0,,2026-06-06 13:09:47 CST,2026-06-07 16:53:19 CST,https://github.com/wenchiehlee-investment/Python-Actions.GoodInfo/actions/runs/27087647486
2026-06-07 16:56:11 CST,27087932936,4107,790e1f937f6a78d233ced216142979b4ce7c5ad4,workflow_dispatch,failed_backlog,13,ShowMarginChart,Daily Margin Balance,true,false,SUCCESS,0,13,130,130,130,130/130,130,130/130,0,0,0,0,0,0,0,0,,2026-06-06 13:09:47 CST,2026-06-07 16:56:11 CST,https://github.com/wenchiehlee-investment/Python-Actions.GoodInfo/actions/runs/27087932936
2026-06-07 17:14:38 CST,27087967732,4108,63cad409ac9c9d6f0c599509bd2bf0f20b052a7b,workflow_dispatch,stale_full_refresh,13,ShowMarginChart,Daily Margin Balance,false,false,SUCCESS,0,1027,130,130,129,129/130,129,129/130,0,1,0,0,0,0,0,0,,2026-06-07 15:34:22 CST,2026-06-07 17:13:27 CST,https://github.com/wenchiehlee-investment/Python-Actions.GoodInfo/actions/runs/27087967732
2026-06-07 17:16:12 CST,27088367687,4109,dd4cb05bf796ba820fc978c5e2e931e337a60528,workflow_dispatch,failed_backlog,13,ShowMarginChart,Daily Margin Balance,true,false,SUCCESS,0,10,130,130,130,130/130,130,130/130,0,0,0,0,0,0,0,0,,2026-06-07 15:34:22 CST,2026-06-07 17:16:12 CST,https://github.com/wenchiehlee-investment/Python-Actions.GoodInfo/actions/runs/27088367687
2026-06-08 15:20:46 CST,27121369697,4110,87c8bc62dcac27d8fa67a2c613fdb4ec942703e7,workflow_dispatch,stale_full_refresh,18,ShowDailyK_ChartFlow,Daily K-Line Chart Flow,false,false,SUCCESS,0,1042,130,130,129,129/130,129,129/130,0,1,0,0,0,0,0,0,,2026-06-07 14:50:33 CST,2026-06-08 15:19:37 CST,https://github.com/wenchiehlee-investment/Python-Actions.GoodInfo/actions/runs/27121369697
2026-06-08 15:22:23 CST,27122188019,4111,3f001a45f0baa0a438706eb6c0050bddce7ee6f3,workflow_dispatch,failed_backlog,18,ShowDailyK_ChartFlow,Daily K-Line Chart Flow,true,false,SUCCESS,0,11,130,130,130,130/130,130,130/130,0,0,0,0,0,0,0,0,,2026-06-07 14:50:33 CST,2026-06-08 15:22:23 CST,https://github.com/wenchiehlee-investment/Python-Actions.GoodInfo/actions/runs/27122188019
2026-06-08 15:35:04 CST,27122260936,4112,1b486d3b0ef34a74b8070a8bdeb29311e5ff764c,workflow_dispatch,stale_full_refresh,5,ShowSaleMonChart,Monthly Revenue,false,false,SUCCESS,0,663,130,130,129,129/130,128,128/130,0,1,0,1,0,0,0,0,,2026-06-07 16:07:20 CST,2026-06-08 15:34:00 CST,https://github.com/wenchiehlee-investment/Python-Actions.GoodInfo/actions/runs/27122260936
2026-06-08 15:36:44 CST,27122832254,4113,8aa3738a55ab284a91f2836089a671290a32d326,workflow_dispatch,failed_backlog,5,ShowSaleMonChart,Monthly Revenue,true,false,SUCCESS,0,13,130,130,130,130/130,129,129/130,0,0,0,1,0,0,0,0,,2026-06-07 16:07:20 CST,2026-06-08 15:36:44 CST,https://github.com/wenchiehlee-investment/Python-Actions.GoodInfo/actions/runs/27122832254
2026-06-08 15:50:52 CST,27122904647,4114,3a9a4a865ea517cca68050d209ed767312e36dbc,workflow_dispatch,stale_full_refresh,18,ShowDailyK_ChartFlow,Daily K-Line Chart Flow,false,false,SUCCESS,0,754,130,130,129,129/130,129,129/130,0,1,0,0,0,0,0,0,,2026-06-07 15:06:03 CST,2026-06-08 15:49:44 CST,https://github.com/wenchiehlee-investment/Python-Actions.GoodInfo/actions/runs/27122904647
2026-06-08 15:52:39 CST,27123542334,4115,ef23cf0b4869d2de92919fac0c6cb45b74e64539,workflow_dispatch,failed_backlog,18,ShowDailyK_ChartFlow,Daily K-Line Chart Flow,true,false,SUCCESS,0,12,130,130,130,130/130,130,130/130,0,0,0,0,0,0,0,0,,2026-06-07 15:06:03 CST,2026-06-08 15:52:38 CST,https://github.com/wenchiehlee-investment/Python-Actions.GoodInfo/actions/runs/27123542334
2026-06-08 16:10:14 CST,27123639929,4116,11c5c5e69494e0fc69c084f6cde9d4fb4b4dd8cf,workflow_dispatch,stale_full_refresh,18,ShowDailyK_ChartFlow,Daily K-Line Chart Flow,false,false,SUCCESS,0,948,130,130,129,129/130,129,129/130,0,1,0,0,0,0,0,0,,2026-06-07 15:22:46 CST,2026-06-08 16:09:04 CST,https://github.com/wenchiehlee-investment/Python-Actions.GoodInfo/actions/runs/27123639929
2026-06-08 16:11:58 CST,27124473270,4117,60db03d735d001a8496bf46f180de50e91de13be,workflow_dispatch,failed_backlog,18,ShowDailyK_ChartFlow,Daily K-Line Chart Flow,true,false,SUCCESS,0,9,130,130,130,130/130,130,130/130,0,0,0,0,0,0,0,0,,2026-06-07 15:22:46 CST,2026-06-08 16:11:58 CST,https://github.com/wenchiehlee-investment/Python-Actions.GoodInfo/actions/runs/27124473270
2026-06-08 16:30:01 CST,27124555931,4118,cfd2348baaaa75110d7768a46b7418d45e58699b,workflow_dispatch,stale_full_refresh,18,ShowDailyK_ChartFlow,Daily K-Line Chart Flow,false,false,SUCCESS,0,990,130,130,129,129/130,129,129/130,0,1,0,0,0,0,0,0,,2026-06-08 15:18:53 CST,2026-06-08 16:28:55 CST,https://github.com/wenchiehlee-investment/Python-Actions.GoodInfo/actions/runs/27124555931
2026-06-08 16:31:49 CST,27125441751,4119,6dc965351634110f0963ec0d9b696a87dc592118,workflow_dispatch,failed_backlog,18,ShowDailyK_ChartFlow,Daily K-Line Chart Flow,true,false,SUCCESS,0,11,130,130,130,130/130,130,130/130,0,0,0,0,0,0,0,0,,2026-06-08 15:18:53 CST,2026-06-08 16:31:49 CST,https://github.com/wenchiehlee-investment/Python-Actions.GoodInfo/actions/runs/27125441751
2026-06-08 16:50:22 CST,27125531182,4120,f4bffba4cbab4e3d2386e364e1bd3bb8b02cbd3b,workflow_dispatch,stale_full_refresh,13,ShowMarginChart,Daily Margin Balance,false,false,SUCCESS,0,1018,130,130,129,129/130,129,129/130,0,1,0,0,0,0,0,0,,2026-06-07 16:42:36 CST,2026-06-08 16:49:13 CST,https://github.com/wenchiehlee-investment/Python-Actions.GoodInfo/actions/runs/27125531182
2026-06-08 16:52:04 CST,27126445769,4121,561d9563d28a4d19300b1321a39d2fae0f0a66a9,workflow_dispatch,failed_backlog,13,ShowMarginChart,Daily Margin Balance,true,false,SUCCESS,0,11,130,130,130,130/130,130,130/130,0,0,0,0,0,0,0,0,,2026-06-07 16:42:36 CST,2026-06-08 16:52:04 CST,https://github.com/wenchiehlee-investment/Python-Actions.GoodInfo/actions/runs/27126445769
2026-06-08 17:06:01 CST,27126532354,4122,a19b6c34622b1eff2b3d29c8748e9cb1c1154f97,workflow_dispatch,stale_full_refresh,5,ShowSaleMonChart,Monthly Revenue,false,false,SUCCESS,0,740,130,130,129,129/130,128,128/130,0,1,0,1,0,0,0,0,,2026-06-07 16:22:57 CST,2026-06-08 17:04:58 CST,https://github.com/wenchiehlee-investment/Python-Actions.GoodInfo/actions/runs/27126532354
2026-06-08 17:07:46 CST,27127252102,4123,a15016b6b07f80b82a014418e85b10b2e7fdff78,workflow_dispatch,failed_backlog,5,ShowSaleMonChart,Monthly Revenue,true,false,SUCCESS,0,9,130,130,130,130/130,129,129/130,0,0,0,1,0,0,0,0,,2026-06-07 16:22:57 CST,2026-06-08 17:07:46 CST,https://github.com/wenchiehlee-investment/Python-Actions.GoodInfo/actions/runs/27127252102
2026-06-08 17:20:54 CST,27127353834,4124,57dfe6bdbf58491187d9fb00fc502d1c848be6ad,workflow_dispatch,stale_full_refresh,5,ShowSaleMonChart,Monthly Revenue,false,false,SUCCESS,0,673,130,130,129,129/130,128,128/130,0,1,0,1,0,0,0,0,,2026-06-07 16:36:54 CST,2026-06-08 17:19:52 CST,https://github.com/wenchiehlee-investment/Python-Actions.GoodInfo/actions/runs/27127353834
2026-06-08 17:22:41 CST,27128036791,4125,b2b095d6926558cd03ede340e592c72f705bcc0a,workflow_dispatch,failed_backlog,5,ShowSaleMonChart,Monthly Revenue,true,false,SUCCESS,0,10,130,130,130,130/130,129,129/130,0,0,0,1,0,0,0,0,,2026-06-07 16:36:54 CST,2026-06-08 17:22:41 CST,https://github.com/wenchiehlee-investment/Python-Actions.GoodInfo/actions/runs/27128036791
2026-06-08 17:34:53 CST,27128130509,4126,2ac8bdc5574afb7887d9b317d050559f87fc8db2,workflow_dispatch,stale_full_refresh,5,ShowSaleMonChart,Monthly Revenue,false,false,SUCCESS,0,630,130,130,129,129/130,128,128/130,0,1,0,1,0,0,0,0,,2026-06-08 15:31:39 CST,2026-06-08 17:33:50 CST,https://github.com/wenchiehlee-investment/Python-Actions.GoodInfo/actions/runs/27128130509
2026-06-08 17:36:36 CST,27128778171,4127,bf5d3861bc46714a6494893d18bddfa31e7688be,workflow_dispatch,failed_backlog,5,ShowSaleMonChart,Monthly Revenue,true,false,SUCCESS,0,10,130,130,130,130/130,129,129/130,0,0,0,1,0,0,0,0,,2026-06-08 15:31:39 CST,2026-06-08 17:36:36 CST,https://github.com/wenchiehlee-investment/Python-Actions.GoodInfo/actions/runs/27128778171
2026-06-08 17:49:58 CST,27128870903,4128,1ed4809ed487aeaee9b59621f650eb858c362b84,workflow_dispatch,stale_full_refresh,13,ShowMarginChart,Daily Margin Balance,false,false,SUCCESS,0,711,130,130,129,129/130,129,129/130,0,1,0,0,0,0,0,0,,2026-06-07 16:57:42 CST,2026-06-08 17:48:48 CST,https://github.com/wenchiehlee-investment/Python-Actions.GoodInfo/actions/runs/27128870903
2026-06-08 17:52:12 CST,27129596412,4129,9985ff65476fcd64fc7a730561c57b449dc0b6c2,workflow_dispatch,failed_backlog,13,ShowMarginChart,Daily Margin Balance,true,false,SUCCESS,0,12,130,130,130,130/130,130,130/130,0,0,0,0,0,0,0,0,,2026-06-07 16:57:42 CST,2026-06-08 17:52:12 CST,https://github.com/wenchiehlee-investment/Python-Actions.GoodInfo/actions/runs/27129596412
2026-06-08 18:06:07 CST,27129711570,4130,7c81d1f79ef4485556dc9a264146c8ddb9b65f6b,workflow_dispatch,stale_full_refresh,13,ShowMarginChart,Daily Margin Balance,false,false,SUCCESS,0,744,130,130,129,129/130,129,129/130,0,1,0,0,0,0,0,0,,2026-06-07 17:09:36 CST,2026-06-08 18:04:57 CST,https://github.com/wenchiehlee-investment/Python-Actions.GoodInfo/actions/runs/27129711570
2026-06-08 18:07:51 CST,27130457873,4131,0ee1c5a3f6a416bc8253255aff6e4284971c0916,workflow_dispatch,failed_backlog,13,ShowMarginChart,Daily Margin Balance,true,false,SUCCESS,0,10,130,130,130,130/130,130,130/130,0,0,0,0,0,0,0,0,,2026-06-07 17:09:36 CST,2026-06-08 18:07:51 CST,https://github.com/wenchiehlee-investment/Python-Actions.GoodInfo/actions/runs/27130457873
2026-06-08 18:25:42 CST,27130550710,4132,494ed9a622e554be3d9853512f40612e4e397520,workflow_dispatch,stale_full_refresh,13,ShowMarginChart,Daily Margin Balance,false,false,SUCCESS,0,981,130,130,129,129/130,129,129/130,0,1,0,0,0,0,0,0,,2026-06-08 16:45:00 CST,2026-06-08 18:24:33 CST,https://github.com/wenchiehlee-investment/Python-Actions.GoodInfo/actions/runs/27130550710
2026-06-08 18:28:06 CST,27131457117,4133,da9f43ab5c72315665741ee1c027c5a9597811e2,workflow_dispatch,failed_backlog,13,ShowMarginChart,Daily Margin Balance,true,false,SUCCESS,0,15,130,130,130,130/130,130,130/130,0,0,0,0,0,0,0,0,,2026-06-08 16:45:00 CST,2026-06-08 18:28:06 CST,https://github.com/wenchiehlee-investment/Python-Actions.GoodInfo/actions/runs/27131457117
2026-06-08 18:39:55 CST,27131575328,4134,10a5be790ad10c242430532825ae6478ace6d34e,workflow_dispatch,stale_full_refresh,4,StockBzPerformance,Business Performance,false,false,SUCCESS,0,614,130,130,129,129/130,128,128/130,0,1,0,1,0,0,0,0,,2026-06-01 12:43:49 CST,2026-06-08 18:38:52 CST,https://github.com/wenchiehlee-investment/Python-Actions.GoodInfo/actions/runs/27131575328
2026-06-08 18:41:34 CST,27132152615,4135,1c76f873d2dbad0ed71a117e892ae33fc3d4779a,workflow_dispatch,failed_backlog,4,StockBzPerformance,Business Performance,true,false,SUCCESS,0,11,130,130,130,130/130,129,129/130,0,0,0,1,0,0,0,0,,2026-06-01 12:43:49 CST,2026-06-08 18:41:34 CST,https://github.com/wenchiehlee-investment/Python-Actions.GoodInfo/actions/runs/27132152615
2026-06-08 18:55:18 CST,27132231490,4136,d62e2522ce80448a53e86989e94f5add1ead6ada,workflow_dispatch,stale_full_refresh,4,StockBzPerformance,Business Performance,false,false,SUCCESS,0,738,130,130,129,129/130,128,128/130,0,1,0,1,0,0,0,0,,2026-06-06 18:17:22 CST,2026-06-08 18:54:11 CST,https://github.com/wenchiehlee-investment/Python-Actions.GoodInfo/actions/runs/27132231490
2026-06-08 18:57:02 CST,27132913194,4137,ff6ad4e60261a156aa1646e3a7445c3d94298d95,workflow_dispatch,failed_backlog,4,StockBzPerformance,Business Performance,true,false,SUCCESS,0,9,130,130,130,130/130,129,129/130,0,0,0,1,0,0,0,0,,2026-06-06 18:17:22 CST,2026-06-08 18:57:01 CST,https://github.com/wenchiehlee-investment/Python-Actions.GoodInfo/actions/runs/27132913194
2026-06-08 19:09:48 CST,27132997268,4138,9a924d65e7f753fffb53e15538947c6c48f390ce,workflow_dispatch,stale_full_refresh,6,EquityDistribution,Equity Distribution,false,false,SUCCESS,0,673,130,130,129,129/130,128,128/130,0,1,0,1,0,0,0,0,,2026-06-01 13:45:21 CST,2026-06-08 19:08:40 CST,https://github.com/wenchiehlee-investment/Python-Actions.GoodInfo/actions/runs/27132997268
2026-06-08 19:11:32 CST,27133646487,4139,6c479e4daf2bb996600fc764d3c308abb54f4361,workflow_dispatch,failed_backlog,6,EquityDistribution,Equity Distribution,true,false,SUCCESS,0,11,130,130,130,130/130,129,129/130,0,0,0,1,0,0,0,0,,2026-06-01 13:45:21 CST,2026-06-08 19:11:32 CST,https://github.com/wenchiehlee-investment/Python-Actions.GoodInfo/actions/runs/27133646487
2026-06-08 19:25:42 CST,27133732531,4140,214492c88fdad53d397e44c78830b264f14c09ac,workflow_dispatch,stale_full_refresh,6,EquityDistribution,Equity Distribution,false,false,SUCCESS,0,758,130,130,129,129/130,128,128/130,0,1,0,1,0,0,0,0,,2026-06-06 18:34:15 CST,2026-06-08 19:24:38 CST,https://github.com/wenchiehlee-investment/Python-Actions.GoodInfo/actions/runs/27133732531
2026-06-08 19:27:16 CST,27134428987,4141,bf2ee86fe4fe4808ba610d9ed74c2570e619caba,workflow_dispatch,failed_backlog,6,EquityDistribution,Equity Distribution,true,false,SUCCESS,0,10,130,130,130,130/130,129,129/130,0,0,0,1,0,0,0,0,,2026-06-06 18:34:15 CST,2026-06-08 19:27:16 CST,https://github.com/wenchiehlee-investment/Python-Actions.GoodInfo/actions/runs/27134428987
2026-06-08 19:39:41 CST,27134504211,4142,adbea400197b471cbd1029e4fc228c11e8ec5b38,workflow_dispatch,stale_full_refresh,9,StockHisAnaQuar,Quarterly Analysis,false,false,SUCCESS,0,666,130,130,129,129/130,129,129/130,0,1,0,0,0,0,0,0,,2026-06-01 14:14:55 CST,2026-06-08 19:38:35 CST,https://github.com/wenchiehlee-investment/Python-Actions.GoodInfo/actions/runs/27134504211
2026-06-08 19:41:19 CST,27135109053,4143,b531f49c3fee240abd2bc3246b91e6787350593f,workflow_dispatch,failed_backlog,9,StockHisAnaQuar,Quarterly Analysis,true,false,SUCCESS,0,10,130,130,130,130/130,130,130/130,0,0,0,0,0,0,0,0,,2026-06-01 14:14:55 CST,2026-06-08 19:41:19 CST,https://github.com/wenchiehlee-investment/Python-Actions.GoodInfo/actions/runs/27135109053
2026-06-08 19:54:50 CST,27135195712,4144,3fd672d16ae5ba5d9e071acbf27a00578ac21610,workflow_dispatch,stale_full_refresh,9,StockHisAnaQuar,Quarterly Analysis,false,false,SUCCESS,0,721,130,130,129,129/130,129,129/130,0,1,0,0,0,0,0,0,,2026-06-06 17:53:36 CST,2026-06-08 19:53:46 CST,https://github.com/wenchiehlee-investment/Python-Actions.GoodInfo/actions/runs/27135195712
2026-06-08 19:56:27 CST,27135872812,4145,823ddc65cafc9edbbb6f6332922d802ebeaaddba,workflow_dispatch,failed_backlog,9,StockHisAnaQuar,Quarterly Analysis,true,false,SUCCESS,0,10,130,130,130,130/130,130,130/130,0,0,0,0,0,0,0,0,,2026-06-06 17:53:36 CST,2026-06-08 19:56:27 CST,https://github.com/wenchiehlee-investment/Python-Actions.GoodInfo/actions/runs/27135872812
2026-06-09 12:49:42 CST,27184104478,4146,004a8f19cfc988d467c1e8790628d880a1785b7f,workflow_dispatch,stale_full_refresh,1,DividendDetail,Dividend Policy,false,false,SUCCESS,0,790,130,130,129,129/130,128,128/130,0,1,0,1,0,0,0,0,,2026-06-06 11:44:51 CST,2026-06-09 12:48:38 CST,https://github.com/wenchiehlee-investment/Python-Actions.GoodInfo/actions/runs/27184104478
2026-06-09 12:51:23 CST,27184568837,4147,0ad5116d5df30bc1f63ccc1bdd8e37267871a8fb,workflow_dispatch,failed_backlog,1,DividendDetail,Dividend Policy,true,false,SUCCESS,0,8,130,130,130,130/130,129,129/130,0,0,0,1,0,0,0,0,,2026-06-06 11:44:51 CST,2026-06-09 12:51:22 CST,https://github.com/wenchiehlee-investment/Python-Actions.GoodInfo/actions/runs/27184568837
2026-06-09 13:04:46 CST,27184624301,4148,d93a6a2c62d50aa42707fc6630bd6e4c60a5b8a3,workflow_dispatch,stale_full_refresh,1,DividendDetail,Dividend Policy,false,false,SUCCESS,0,720,130,130,129,129/130,128,128/130,0,1,0,1,0,0,0,0,,2026-06-06 13:40:06 CST,2026-06-09 13:03:39 CST,https://github.com/wenchiehlee-investment/Python-Actions.GoodInfo/actions/runs/27184624301
2026-06-09 13:06:17 CST,27185077518,4149,67ac6e140281a1f6842a701a9cb2143f86692f7f,workflow_dispatch,failed_backlog,1,DividendDetail,Dividend Policy,true,false,SUCCESS,0,10,130,130,130,130/130,129,129/130,0,0,0,1,0,0,0,0,,2026-06-06 13:40:06 CST,2026-06-09 13:06:17 CST,https://github.com/wenchiehlee-investment/Python-Actions.GoodInfo/actions/runs/27185077518
2026-06-09 16:35:09 CST,27193369077,4150,efc791fd663c654fcabc2c89d72ae01683ade0d8,workflow_dispatch,stale_full_refresh,18,ShowDailyK_ChartFlow,Daily K-Line Chart Flow,false,false,SUCCESS,0,817,130,130,129,129/130,129,129/130,0,1,0,0,0,0,0,0,,2026-06-08 15:49:44 CST,2026-06-09 16:33:57 CST,https://github.com/wenchiehlee-investment/Python-Actions.GoodInfo/actions/runs/27193369077
2026-06-09 16:36:45 CST,27194138503,4151,7755292741e77e5270a1c32523cecb0b82ef0530,workflow_dispatch,failed_backlog,18,ShowDailyK_ChartFlow,Daily K-Line Chart Flow,true,false,SUCCESS,0,10,130,130,130,130/130,130,130/130,0,0,0,0,0,0,0,0,,2026-06-08 15:49:44 CST,2026-06-09 16:36:45 CST,https://github.com/wenchiehlee-investment/Python-Actions.GoodInfo/actions/runs/27194138503
2026-06-09 16:50:08 CST,27194218851,4152,0020174d59ca5bb879bcf023bafe9ab99cd219a1,workflow_dispatch,stale_full_refresh,5,ShowSaleMonChart,Monthly Revenue,false,false,SUCCESS,0,715,130,130,129,129/130,128,128/130,0,1,0,1,0,0,0,0,,2026-06-08 17:01:58 CST,2026-06-09 16:49:02 CST,https://github.com/wenchiehlee-investment/Python-Actions.GoodInfo/actions/runs/27194218851
2026-06-09 16:51:52 CST,27194908534,4153,2a8cc6ada795aa3ee0f8e7caa46c39089700b215,workflow_dispatch,failed_backlog,5,ShowSaleMonChart,Monthly Revenue,true,false,SUCCESS,0,11,130,130,130,130/130,129,129/130,0,0,0,1,0,0,0,0,,2026-06-08 17:01:58 CST,2026-06-09 16:51:52 CST,https://github.com/wenchiehlee-investment/Python-Actions.GoodInfo/actions/runs/27194908534
2026-06-09 17:05:42 CST,27194997039,4154,9fb5533476208693838d4293616207967c72e3db,workflow_dispatch,stale_full_refresh,1,DividendDetail,Dividend Policy,false,false,SUCCESS,0,742,130,130,129,129/130,128,128/130,0,1,0,1,0,0,0,0,,2026-06-09 12:39:03 CST,2026-06-09 17:04:37 CST,https://github.com/wenchiehlee-investment/Python-Actions.GoodInfo/actions/runs/27194997039
2026-06-09 17:07:15 CST,27195731159,4155,17186d56c978b77f9f1fdec7d2031c66e26ae1a0,workflow_dispatch,failed_backlog,1,DividendDetail,Dividend Policy,true,false,SUCCESS,0,11,130,130,130,130/130,129,129/130,0,0,0,1,0,0,0,0,,2026-06-09 12:39:03 CST,2026-06-09 17:07:15 CST,https://github.com/wenchiehlee-investment/Python-Actions.GoodInfo/actions/runs/27195731159
2026-06-09 17:26:03 CST,27195813035,4156,b6b297bc03ecc515b2b014cd42d03fa33d269b04,workflow_dispatch,stale_full_refresh,18,ShowDailyK_ChartFlow,Daily K-Line Chart Flow,false,false,SUCCESS,0,1035,130,130,129,129/130,129,129/130,0,1,0,0,0,0,0,0,,2026-06-08 16:15:19 CST,2026-06-09 17:23:38 CST,https://github.com/wenchiehlee-investment/Python-Actions.GoodInfo/actions/runs/27195813035
2026-06-09 17:27:45 CST,27196817122,4157,d0a60cd6751819916efc86bf4f4854727a4081ea,workflow_dispatch,failed_backlog,18,ShowDailyK_ChartFlow,Daily K-Line Chart Flow,true,false,SUCCESS,0,10,130,130,130,130/130,130,130/130,0,0,0,0,0,0,0,0,,2026-06-08 16:15:19 CST,2026-06-09 17:27:45 CST,https://github.com/wenchiehlee-investment/Python-Actions.GoodInfo/actions/runs/27196817122
2026-06-09 17:44:58 CST,27196908038,4158,22c210c414f39aba28f5be5a3d5a78fbc1717e58,workflow_dispatch,stale_full_refresh,18,ShowDailyK_ChartFlow,Daily K-Line Chart Flow,false,false,SUCCESS,0,938,130,130,129,129/130,129,129/130,0,1,0,0,0,0,0,0,,2026-06-08 16:28:37 CST,2026-06-09 17:43:51 CST,https://github.com/wenchiehlee-investment/Python-Actions.GoodInfo/actions/runs/27196908038
2026-06-09 17:46:41 CST,27197822092,4159,0be5ea9a0d348960c5f9fa81815df52b3087d832,workflow_dispatch,failed_backlog,18,ShowDailyK_ChartFlow,Daily K-Line Chart Flow,true,false,SUCCESS,0,10,130,130,130,130/130,130,130/130,0,0,0,0,0,0,0,0,,2026-06-08 16:28:37 CST,2026-06-09 17:46:41 CST,https://github.com/wenchiehlee-investment/Python-Actions.GoodInfo/actions/runs/27197822092
2026-06-09 18:05:34 CST,27197909025,4160,171a3f8f0be296b5afd09a9d756baec88f27c67c,workflow_dispatch,stale_full_refresh,18,ShowDailyK_ChartFlow,Daily K-Line Chart Flow,false,false,SUCCESS,0,1034,130,130,129,129/130,129,129/130,0,1,0,0,0,0,0,0,,2026-06-09 17:11:51 CST,2026-06-09 18:04:22 CST,https://github.com/wenchiehlee-investment/Python-Actions.GoodInfo/actions/runs/27197909025
2026-06-09 18:07:15 CST,27198901831,4161,49176dc631ceaf3b3aa91ce0a33bd0ee7bb0e2e1,workflow_dispatch,failed_backlog,18,ShowDailyK_ChartFlow,Daily K-Line Chart Flow,true,false,SUCCESS,0,9,130,130,130,130/130,130,130/130,0,0,0,0,0,0,0,0,,2026-06-09 17:11:51 CST,2026-06-09 18:07:15 CST,https://github.com/wenchiehlee-investment/Python-Actions.GoodInfo/actions/runs/27198901831
2026-06-09 18:25:19 CST,27198990297,4162,f47a7065f218a81c848568252b7ccda38b7b6991,workflow_dispatch,stale_full_refresh,13,ShowMarginChart,Daily Margin Balance,false,false,SUCCESS,0,995,130,130,129,129/130,129,129/130,0,1,0,0,0,0,0,0,,2026-06-08 17:45:25 CST,2026-06-09 18:24:08 CST,https://github.com/wenchiehlee-investment/Python-Actions.GoodInfo/actions/runs/27198990297
2026-06-09 18:27:12 CST,27199904801,4163,e083e4fccd36f9b32bee844be05472e3e9b97427,workflow_dispatch,failed_backlog,13,ShowMarginChart,Daily Margin Balance,true,false,SUCCESS,0,12,130,130,130,130/130,130,130/130,0,0,0,0,0,0,0,0,,2026-06-08 17:45:25 CST,2026-06-09 18:27:12 CST,https://github.com/wenchiehlee-investment/Python-Actions.GoodInfo/actions/runs/27199904801
2026-06-09 18:39:47 CST,27199995993,4164,ec4ffdae9fd7ac342345ee73ea539cf96f84bd79,workflow_dispatch,stale_full_refresh,5,ShowSaleMonChart,Monthly Revenue,false,false,SUCCESS,0,666,130,130,129,129/130,128,128/130,0,1,0,1,0,0,0,0,,2026-06-08 17:17:03 CST,2026-06-09 18:38:44 CST,https://github.com/wenchiehlee-investment/Python-Actions.GoodInfo/actions/runs/27199995993
2026-06-09 18:41:29 CST,27200612714,4165,446598ca0d8c2546dc342d09cc45656235974039,workflow_dispatch,failed_backlog,5,ShowSaleMonChart,Monthly Revenue,true,false,SUCCESS,0,12,130,130,130,130/130,129,129/130,0,0,0,1,0,0,0,0,,2026-06-08 17:17:03 CST,2026-06-09 18:41:28 CST,https://github.com/wenchiehlee-investment/Python-Actions.GoodInfo/actions/runs/27200612714
2026-06-09 19:10:14 CST,27200694703,4166,58798f643f94650d6e9982b674f1dc8ebdecda76,workflow_dispatch,stale_full_refresh,5,ShowSaleMonChart,Monthly Revenue,false,false,SUCCESS,0,1609,130,130,129,129/130,128,128/130,0,1,0,1,0,0,0,0,,2026-06-08 17:31:15 CST,2026-06-09 19:09:09 CST,https://github.com/wenchiehlee-investment/Python-Actions.GoodInfo/actions/runs/27200694703
2026-06-09 19:12:03 CST,27202152069,4167,f70bbaeb0d2c353ea57d3879a3630b3f00d5d458,workflow_dispatch,failed_backlog,5,ShowSaleMonChart,Monthly Revenue,true,false,SUCCESS,0,16,130,130,130,130/130,129,129/130,0,0,0,1,0,0,0,0,,2026-06-08 17:31:15 CST,2026-06-09 19:12:03 CST,https://github.com/wenchiehlee-investment/Python-Actions.GoodInfo/actions/runs/27202152069
2026-06-09 19:24:49 CST,27202244811,4168,e0cf8dba8f43a7f65639bac33932332fca11b94a,workflow_dispatch,stale_full_refresh,5,ShowSaleMonChart,Monthly Revenue,false,false,SUCCESS,0,667,130,130,129,129/130,128,128/130,0,1,0,1,0,0,0,0,,2026-06-09 16:46:04 CST,2026-06-09 19:23:44 CST,https://github.com/wenchiehlee-investment/Python-Actions.GoodInfo/actions/runs/27202244811
2026-06-09 19:26:30 CST,27202902506,4169,99d8159c24e85304def703b2f86291341b857cf5,workflow_dispatch,failed_backlog,5,ShowSaleMonChart,Monthly Revenue,true,false,SUCCESS,0,10,130,130,130,130/130,129,129/130,0,0,0,1,0,0,0,0,,2026-06-09 16:46:04 CST,2026-06-09 19:26:30 CST,https://github.com/wenchiehlee-investment/Python-Actions.GoodInfo/actions/runs/27202902506
2026-06-09 19:44:41 CST,27202985664,4170,7145d060b1070fd37ac5f45698de89c0a60f5856,workflow_dispatch,stale_full_refresh,13,ShowMarginChart,Daily Margin Balance,false,false,SUCCESS,0,999,130,130,129,129/130,129,129/130,0,1,0,0,0,0,0,0,,2026-06-08 18:07:51 CST,2026-06-09 19:43:35 CST,https://github.com/wenchiehlee-investment/Python-Actions.GoodInfo/actions/runs/27202985664
2026-06-09 19:46:18 CST,27203883060,4171,1dd9c3344e19ed323244a83326b09ffbb9a216de,workflow_dispatch,failed_backlog,13,ShowMarginChart,Daily Margin Balance,true,false,SUCCESS,0,9,130,130,130,130/130,130,130/130,0,0,0,0,0,0,0,0,,2026-06-08 18:07:51 CST,2026-06-09 19:46:18 CST,https://github.com/wenchiehlee-investment/Python-Actions.GoodInfo/actions/runs/27203883060
2026-06-09 19:59:32 CST,27203966172,4172,d6e6fd0639af2887387e0df7bf0ca00786c24707,workflow_dispatch,stale_full_refresh,13,ShowMarginChart,Daily Margin Balance,false,false,SUCCESS,0,702,130,130,129,129/130,129,129/130,0,1,0,0,0,0,0,0,,2026-06-08 18:20:39 CST,2026-06-09 19:58:21 CST,https://github.com/wenchiehlee-investment/Python-Actions.GoodInfo/actions/runs/27203966172
2026-06-09 20:01:20 CST,27204627777,4173,89a9b607230df302b1c32475335aef9dc58c235c,workflow_dispatch,failed_backlog,13,ShowMarginChart,Daily Margin Balance,true,false,SUCCESS,0,11,130,130,130,130/130,130,130/130,0,0,0,0,0,0,0,0,,2026-06-08 18:20:39 CST,2026-06-09 20:01:20 CST,https://github.com/wenchiehlee-investment/Python-Actions.GoodInfo/actions/runs/27204627777
2026-06-09 20:19:50 CST,27204725258,4174,5e0d87234ba306e68c575cdd2d08822c637972bc,workflow_dispatch,stale_full_refresh,13,ShowMarginChart,Daily Margin Balance,false,false,SUCCESS,0,1014,130,130,129,129/130,129,129/130,0,1,0,0,0,0,0,0,,2026-06-09 18:23:52 CST,2026-06-09 20:18:40 CST,https://github.com/wenchiehlee-investment/Python-Actions.GoodInfo/actions/runs/27204725258
2026-06-09 20:21:37 CST,27205680444,4175,d8e0abaa9bd473cb1d5fa3cc10aa91461843c385,workflow_dispatch,failed_backlog,13,ShowMarginChart,Daily Margin Balance,true,false,SUCCESS,0,11,130,130,130,130/130,130,130/130,0,0,0,0,0,0,0,0,,2026-06-09 18:23:52 CST,2026-06-09 20:21:37 CST,https://github.com/wenchiehlee-investment/Python-Actions.GoodInfo/actions/runs/27205680444
